축제명,시도,시군구,방문객수,예산,최초개최연도,회차
2026 서울무형문화축제,서울,중구,10459,178,2005,
제25회 서울억새축제,서울,마포구,700000,250,2002,25
2026 서울라이트 한강 빛섬축제,서울,용산구,515683,2604,2023,
2026 서울라이트 광화문,서울,종로구,3118958,3254,2022,
2026년 30회 서울세계도시문화축제,서울,중구,160000,642,1996,30
한강페스티벌,서울,,201000,1211,2013,
2026 로맨틱 한강 크리스마스 마켓,서울,광진구,129300,423,2023,
2026 차없는 잠수교 뚜벅뚜벅 축제,서울,서초구,1284838,2336,2022,
2026 한강 서래섬 피크닉 콘서트(봄),서울,서초구,2000,5,2004,
2026 한강 서래섬 피크닉 콘서트(가을),서울,서초구,2000,5,2004,
제20회 서울안전한마당,서울,영등포구,42300,327,2007,20
2026 서울윈터페스타,서울,"종로구, 중구",10983176,996,2023,
서울스프링페스타 2026,서울,영등포구,826180,4225,2022,
2026 서울바비큐페스타,서울,마포구,28343,704,2025,
2026 한강 드론 라이트 쇼,서울,광진구,280741,982,2023,
2026 서울국제정원박람회,서울,"성동구, 서초구",1044000,6960,2015,
2026 서울어린이정원 페스티벌,서울,광진구,635000,200,2025,
제4회 레드로드 페스티벌,서울,마포구,,220,2023,4
제19회 마포나루 새우젓축제,서울,마포구,820000,529,2008,19
제31회 강동선사문화축제,서울,강동구,455185,665,1996,31
제18회 중랑 서울장미축제,서울,중랑구,3012797,532,2009,18
중랑 용마폭포축제,서울,중랑구,17388,100,2016,
제16회 2026 서대문 봄빛축제,서울,서대문구,546018,129,2011,16
제17회 2026 서대문 독립축제,서울,서대문구,151660,204,2010,17
2026 신촌글로벌대학문화축제,서울,서대문구,493649,288,2023,
관악 책빵 축제,서울,관악구,69112,70,2023,
제 5회 그루브 인 관악,서울,관악구,15061,100,2022,5
제 10회 관악강감찬축제,서울,관악구,208406,457,2016,10
2026 영등포 여의도 봄꽃축제,서울,영등포구,3030000,758,2005,
제3회 영등포 정원축제(정원소풍),서울,영등포구,2800,130,2024,3
제3회 영등포구 여름축제 대피서,서울,영등포구,3000,79,2024,3
제2회 영등포구 원조맥주축제,서울,영등포구,22000,171,2025,2
2026 영등포네트워크예술제,서울,영등포구,6682,60,2019,
제3회 영등포 선유도원축제,서울,영등포구,71352,313,2024,3
제4회 주막거리객사전,서울,구로구,11500,80,2023,4
제10회 프랑스문화축제,서울,구로구,15000,62,2005,10
구로G페스티벌,서울,구로구,170000,800,2003,
2026 서리풀뮤직페스티벌,서울,서초구,250000,1650,2015,
2026 송파구 벚꽃축제,서울,송파구,8620000,264,2007,
제26회 한성백제문화제,서울,송파구,513547,800,1994,26
불암산 철쭉제,서울,노원구,327582,174,2021,
노원구 어린이날 축제,서울,노원구,31795,,2010,
경춘선 공릉숲길 커피축제,서울,노원구,89453,494,2023,
노원달빛산책,서울,노원구,1320557,,2014,
노원수제맥주축제,서울,노원구,67007,,2023,
댄싱노원 거리페스티벌,서울,노원구,209376,,2013,
4·19혁명국민문화제 2026,서울,강북구,60000,558,2013,
우이천변 페스타2026,서울,강북구,26306,294,2023,
제3회 공예문화축제,서울,강북구,3655,50,2024,3
2026 강북 백맥축제,서울,강북구,44894,291,2023,
상권과 함께하는 크리스마스 마켓,서울,강북구,56870,72,2023,
2026년 이태원 지구촌 축제,서울,용산구,,3000,2001,
제14회 자문밖문화축제,서울,종로구,3500,8,2013,14
2026  대학로 차 없는 거리 축제,서울,종로구,72000,200,1985,
2026 D.FESTA 대학로 거리공연축제,서울,종로구,3000,150,2006,
2026 대학로 소나무길 거리예술제,서울,종로구,2000,20,2017,
2026 아시테지 어린이가행복한대학로,서울,종로구,2000,15,1984,
서울연극제,서울,종로구,5000,0,1977,
인사동 엔틱&아트페어,서울,종로구,50000,240,1987,
2026 종로K축제,서울,종로구,208141,70,2016,
제24회 허준축제,서울,강서구,180000,498,1999,24
동대문구 봄꽃축제,서울,동대문구,59492,230,2008,
동대문구 맥주축제,서울,동대문구,20358,240,2024,
동대문페스티벌,서울,동대문구,110000,450,2024,
2026 정동야행,서울,중구,136513,365,2015,
제7회 가로수길 디자인위크,서울,강남구,33655,285,2020,7
제15회 강남페스티벌,서울,강남구,916594,2965,2012,15
제9회 도심 속 바다축제,서울,동작구,40000,300,2012,9
제30회 부산바다축제,부산,사하구,82435,1260,1996,30
2026 부산국제록페스티벌,부산,사상구,70000,9040,2000,
제11회 부산원도심활성화축제,부산,"중구, 동구, 서구, 영도구",14240,172,2016,11
2026 부산밀페스티벌,부산,북구,33000,500,2024,
부산 시민의종 타종행사,부산,중구,8000,73,2000,
제19회 부산항축제,부산,"동구, 영도구",85000,900,2008,19
2026년 조선통신사 축제,부산,,40000,320,2003,
2026 제11회 피란수도 부산 국가유산 야행,부산,중구,40000,583,2016,11
2026 부산종합민속예술제,부산,부산진구,30000,280,2021,
제25회 부산과학축전,부산,해운대구,70000,295,2002,25
2026년 부산 가든쇼,부산,사상구,10000,1000,2025,
2026년 광복로 연등문화제,부산,중구,1500,935,2014,
유라리건맥축제,부산,중구,12516,93,2023,
제33회 부산자갈치축제,부산,중구,195846,340,1992,33
광복로 겨울빛 트리축제,부산,중구,3105529,950,2009,
제17회 부산고등어축제,부산,서구,253131,209,2008,17
부산 서구 의료관광축제,부산,서구,18000,150,2022,
제2회 북항 해양레저 페스타,부산,동구,1000,,2025,2
제23회 부산차이나타운 문화축제,부산,동구,40000,255,2004,23
제4회 웹툰이바구길축제,부산,동구,2000,,2023,4
제34회 영도다리축제,부산,영도구,140000,271,1993,34
2026 글로벌 영도커피페스티벌,부산,영도구,120000,280,2019,
제15회 수국꽃 문화축제,부산,영도구,34750,50,2006,15
서면 빛 축제,부산,부산진구,,600,2020,
전포커피축제,부산,부산진구,76200,80,2017,
서면메디컬스트리트축제,부산,부산진구,5000,102,2011,
비어로드 페스티벌,부산,부산진구,4000,45,2024,
제32회 동래읍성역사축제,부산,동래구,192381,1006,1995,32
제4회 온천천 빛축제,부산,동래구,341728,350,2023,4
동래 문화교육 특구페스티벌,부산,동래구,18000,90,2018,
제28회 UN평화축제,부산,남구,70000,417,1997,28
제4회 유엔남구 물놀이축제,부산,남구,24462,297,2023,4
제13회 낙동강 구포나루 축제,부산,북구,230000,500,2011,13
제41회 해운대 달맞이온천축제,부산,해운대구,30000,75,1983,41
제21회 해운대모래축제,부산,해운대구,1009910,824,2005,21
제8회 해운대 해양레저축제,부산,해운대구,2000,40,2017,8
제13회 해운대 빛축제,부산,해운대구,3694744,,2014,13
제2회 세계문화축제,부산,해운대구,5000,35,2025,2
제16회 감천문화마을골목축제,부산,사하구,39000,30,2011,16
다대포 어항문화축제,부산,사하구,10000,110,2000,
제4회 다대포 선셋 영화축제,부산,사하구,75353,650,2022,4
장림항 부네치아 아트프리마켓,부산,사하구,29000,,2023,
사하예술제,부산,사하구,2500,,2013,
부산국제공연예술제,부산,금정구,32719,150,2007,
2026 금정산성축제,부산,금정구,33500,450,1996,
라라라 페스티벌,부산,금정구,110000,160,2016,
제7회 연제고분판타지축제,부산,연제구,100000,420,2018,7
대저토마토축제,부산,강서구,30000,450,2001,
강서 낙동강30리 벚꽃축제,부산,강서구,90000,355,2015,
명지시장전어축제추진위원회,부산,강서구,20000,40,2001,
제24회 광안리어방축제,부산,수영구,174253,1527,2001,24
Fall in Gwangalli,부산,수영구,100000,400,2025,
제23회 사상강변축제,부산,사상구,70000,360,2001,23
2026년 낙동강정원 벚꽃축제,부산,사상구,150000,75,2009,
기장웰니스관광축제(가칭),부산,기장군,,200,2026,
일광바다축제(갯마을&낭만가요제),부산,기장군,,106,2026,
제12회 정관생태하천학습문화축제,부산,기장군,30000,230,2012,12
기장미역다시마축제,부산,기장군,8700,72,2010,
제30회 기장멸치축제,부산,기장군,400000,250,1997,30
제20회 기장붕장어축제,부산,기장군,,90,2004,20
제16회 철마한우불고기축제,부산,기장군,200000,290,2005,16
대구생활문화제,대구,중구,8000,78,2014,
제20회 대구국제뮤지컬페스티벌,대구,,139945,3800,2007,20
제23회 대구국제오페라축제,대구,,23035,1860,2013,23
형형색색 달구벌 관등놀이,대구,,5000,322,2013,
제16회 팔공산 산중전통장터 승시 축제,대구,동구,45118,516,2010,16
2026 대구치맥페스티벌,대구,달서구,745000,2380,2013,
제48회 대구약령시 한방문화축제,대구,중구,100602,359,1978,48
제2회 동성로 타임워프 페스타,대구,중구,57015,200,2025,2
대구국가유산야행,대구,중구,19829,200,2016,
제37회 동성로축제,대구,중구,76000,80,1990,37
제13회 방천아트페스티벌,대구,중구,3500,22,2014,13
제21회 대구패션주얼리위크,대구,중구,1200,20,2006,21
서문시장글로벌대축제,대구,중구,6000,35,1997,
교동시장한마음축제,대구,중구,1200,12,2011,
2026년 제15회 팔공산 벚꽃축제,대구,동구,5000,45,2009,15
2026년 동구 여름축제 '두두썸동',대구,동구,20000,350,2025,
2026년 제25회 팔공산 단풍축제,대구,동구,4000,40,1999,25
달구벌목민관 부임마을축제,대구,서구,1000,40,2015,
제31회 대덕제 「2026대구앞산축제」,대구,남구,60000,580,1987,31
2026 앞산 크리스마스축제,대구,남구,100000,200,2023,
2026 금호강 바람소리길 축제,대구,북구,85000,500,2015,
제6회 떡볶이 페스티벌,대구,북구,330000,600,2021,6
2026 수성못페스티벌,대구,수성구,2463,580,2008,
대구 비어&뮤직 페스티벌,대구,수성구,15000,200,2022,
제8회 수성빛예술제,대구,수성구,65061,360,2019,8
장미꽃 필 무렵,대구,달서구,15000,70,2016,
희망달서 대축제,대구,달서구,10000,120,2013,
선사문화체험축제,대구,달서구,10016,30,2014,
2026년 제3회 두류젊코축제,대구,달서구,15000,80,2024,3
제30회 비슬산 참꽃 문화제,대구,달성군,70000,295,1997,30
YES! 키즈존,대구,달성군,50000,350,2023,
제5회 군위 바비큐 축제,대구,군위군,7235,148,2022,5
2026년 인천대공원 벚꽃축제,인천,남동구,256772,100,2003,
제21회 인천 펜타포트 음악축제,인천,연수구,150000,2000,2006,21
제2회 1883 짜장면 축제,인천,중구,50000,500,2025,2
제11회 인천개항장 국가유산 야행,인천,중구,253000,700,2016,11
차이나는 개항 페스타,인천,중구,6970,535,2025,
송도세계문화 관광축제,인천,연수구,267003,144,2011,
강화별밤야행,인천,강화군,12811,400,2018,
강화 화개정원 축제,인천,강화군,9600,200,2022,
삼랑성 역사문화축제,인천,강화군,50000,200,2001,
주섬주섬 음악회,인천,옹진군,1200,180,2017,
제1회 인천 쌀 문화축제,인천,중구,,150,2026,1
2026년 인천 농특산물 문화축제,인천,중구,,80,2023,
영종국제도시 글로벌 문화축제,인천,중구,60000,290,2022,
제37회 화도진축제,인천,동구,120000,610,1990,37
제4회 배다리축제,인천,동구,3800,140,2023,4
제23회 미추홀미디어문화축제,인천,미추홀구,10000,233,2004,23
제6회 수봉산 페스티벌,인천,미추홀구,10000,200,2021,6
2026 새봄맞이 한마음 축제,인천,연수구,5000,285,2024,
2026 제7회 송도해변축제,인천,연수구,69245,400,2016,7
2026 제14회 연수 능허대 문화축제,인천,연수구,72834,300,2004,14
2026 크리스마스트리 문화축제,인천,연수구,500,50,2023,
제26회 소래포구축제,인천,남동구,460000,600,2001,26
2026년 제30회 부평풍물대축제,인천,부평구,230282,840,1997,30
제4회 계양아라온 워터축제,인천,계양구,42281,230,2023,4
제31회 서곶문화예술제,인천,서구,3365,80,1996,31
2026년 정서진 해넘이 행사,인천,서구,3324,50,2011,
아트피크닉,광주,,17000,200,2016,
대인예술시장,광주,동구,100000,500,2008,
2026 광주스트릿컬처페스타,광주,동구,21000,550,2023,
제16회 광주비엔날레,광주,북구,720711,15937,1995,16
2026 광주프린지페스티벌,광주,남구,218227,500,2016,
제33회 광주김치축제,광주,서구,57000,600,1994,33
2026년 빛고을 사랑나눔 김장대전,광주,남구,17555,180,2014,
2026년 금남로 차 없는 거리 '걷자잉',광주,동구,192990,255,2025,
라온페스타,광주,동구,23024,2072,2022,
국가유산 야행,광주,동구,30048,365,2017,
제4회 동구 무등산 인문축제,광주,동구,30000,218,2023,4
제23회 광주 추억의 충장축제,광주,동구,454215,1750,2004,23
제5회 광주 버스킹 월드컵,광주,동구,454215,200,2022,5
제11회 광주서창억새축제,광주,서구,102336,445,2015,11
제4회 양동통맥축제,광주,서구,57714,120,2023,4
제43회 고싸움놀이축제,광주,남구,2500,245,1983,43
인문학축제 제15회 굿모닝양림,광주,남구,20000,,2011,15
제11회 양림&크리스마스문화축제,광주,남구,21000,,2016,11
제4회 광산뮤직ON페스티벌,광주,광산구,95000,402,2023,4
제4회 2026 대전 0시 축제,대전,"동구, 중구",2161566,4730,2023,4
제29회 대전사이언스페스티벌,대전,유성구,558269,1450,2000,29
2026 대전 동구동락 축제,대전,동구,209000,646,2023,
제4회 중앙시장 주말축제 야시장 동구夜놀자,대전,동구,15520,50,2023,4
달빛 야외도서관,대전,동구,2700,40,2024,
대청동 마을화합 벚꽃 축제,대전,동구,,17,2026,
제17회 대전효문화뿌리축제,대전,중구,238864,1076,2008,17
제2회 대전 중구 미술축제,대전,중구,3538,72,2025,2
대전 중구 국가유산 야행,대전,중구,,160,2026,
2026년 중구 북페스티벌,대전,중구,,120,2024,
2026 대전 서구 아트페스티벌,대전,서구,420000,825,2016,
0시 축제와 함께하는 갑천썸머뮤직페스티벌(가칭),대전,서구,,190,2026,
제16회 갑천누리길 녹색체험여행,대전,서구,907,20,2011,16
2026 유성온천문화축제,대전,유성구,250000,495,1989,
2026 유성재즈&맥주 페스타,대전,유성구,50000,225,2022,
2026 유성온천 크리스마스축제,대전,유성구,50000,180,2022,
제17회 유성국화축제,대전,유성구,704156,614,2010,17
2026 대덕물빛축제,대전,대덕구,315072,750,2011,
2026 대덕거리 페스티벌,대전,대덕구,,,2019,
2026년 제10회 장동계족산 코스모스축제,대전,대덕구,5000,36,2014,10
2026 대전 빵축제,대전,,168000,450,2021,
2026 아티언스 대전,대전,유성구,5619,167,2011,
문화유산 달빛축제,대전,동구,4500,90,2017,
2026 울산공업축제,울산,남구,726000,2800,1967,
2026 제18회 울산대공원 장미축제,울산,남구,157913,1320,2006,18
태화강 억새나들이,울산,북구,20000,270,2023,
정원생태문화축제,울산,중구,4000,154,2023,
2026 태화강국가정원 봄꽃축제,울산,중구,340907,150,2012,
2026 태화강국가정원 가을축제,울산,중구,180886,150,2018,
2026 울산미래정원 페스티벌,울산,중구,,100,2026,
2026 울산청년주간,울산,,3000,120,2021,
울산뮤직페스티벌(舊울산서머페스티벌),울산,남구,22700,1000,2003,
울산태화강 대숲납량축제,울산,중구,180000,250,2007,
울산아시아퍼시픽뮤직미팅(울산 에이팜),울산,,15000,340,2012,
2026 울산 미식대향연,울산,남구,20000,140,2010,
태화강마두희축제,울산,중구,293000,830,2014,
태화강국제재즈음악제,울산,중구,25000,200,2013,
제20회 성남동 눈꽃축제,울산,중구,300000,175,2006,20
워터버블페스티벌,울산,중구,2000,30,2014,
2026 성남동 커피페스티벌,울산,중구,40000,70,2023,
울산고래축제,울산,남구,320000,1700,1995,
장생포 한여름 밤의 호러페스티벌,울산,남구,12000,220,2021,
제5회 장생포 수국 페스티벌,울산,남구,400000,220,2022,5
궁거랑 벚꽃 한마당,울산,남구,50000,220,2009,
제2회 MOONLIGT FESTIVAL,울산,남구,5000,270,2025,2
제12회 강변영화제,울산,남구,10000,150,2015,12
제18회 울산조선해양축제,울산,동구,131000,650,2009,18
제22회 쇠부리축제,울산,북구,164632,550,2005,22
언양 한우불고기 축제,울산,울주군,60000,310,1999,
울산 배 축제,울산,울주군,4000,226,1992,
울주해양레포츠 대축전,울산,울주군,65000,495,2022,
간절곶해맞이축제,울산,울주군,40000,920,2000,
울산울주세계산악영화제,울산,울주군,71835,2900,2016,
제26회 울산옹기축제,울산,울주군,160000,1140,2001,26
2026년 세종전의 조경수 묘목축제,세종,세종,5000,50,2006,
2026년 조치원 봄꽃축제,세종,세종,,120,2019,
한글 책 사랑 축제(가칭),세종,세종,,110,2026,
제24회 세종 조치원복숭아 축제,세종,세종,107000,415,2003,24
2026 세종한글축제,세종,세종,315299,865,2013,
2026 세종보헤미안뮤직페스티벌,세종,세종,25091,350,2022,
장군산 구절초 꽃 축제,세종,세종,50000,63,1999,
2026 수원연극축제,경기,수원시,60000,520,1996,
2026 수원 국가유산 야행,경기,수원시,105231,420,2017,
2026 수원재즈페스티벌,경기,수원시,20000,230,2014,
제63회 수원화성문화제,경기,수원시,709154,2443,1964,63
2026 수원화성 미디어아트,경기,수원시,617677,1200,2021,
2026 만석거 새빛축제,경기,수원시,30000,150,2024,
제26회 용인사이버과학축제,경기,용인시,45000,220,2001,26
제2회 김량장 페스티벌,경기,용인시,17000,50,2025,2
대한민국 조아용 캐릭터 축제,경기,용인시,45000,260,1996,
제22회 포은문화제,경기,용인시,10000,130,2003,22
제11회 백암 백중문화제,경기,용인시,10000,60,2011,11
도농어울림행사,경기,용인시,10126,170,2014,
2026 행주가 예술이야,경기,고양시,43846,270,2021,
제16회 화성 뱃놀이 축제,경기,화성시,271520,1680,2008,16
2026 성남페스티벌,경기,성남시,216121,1521,2023,
제12회 복정 어울림 빛 축제,경기,성남시,,120,2012,12
제29회 부천국제만화축제,경기,부천시,100109,300,1998,29
제10회 경기국제코스프레페스티벌,경기,부천시,100109,244,2017,10
제30회 부천국제판타스틱영화제,경기,부천시,128479,5843,1997,30
제28회 국제애니메이션페스티벌,경기,부천시,10926,1395,1999,28
2026년 부천페스타(B-festa)-봄꽃여행,경기,부천시,33289,90,2025,
제41회 부천복사골예술제,경기,부천시,45000,243,1985,41
(영화제 연계) 위조이 치맥 축제,경기,부천시,16430,50,2024,
제5회 부천건축문화제,경기,부천시,,,2022,5
제26회 부천 원미산 진달래축제,경기,부천시,18146,65,2001,26
제28회 도당산 벚꽃축제,경기,부천시,9150,27,1999,28
제40회 다산정약용문화제,경기,남양주시,18000,310,1986,40
제21회 광릉숲축제,경기,남양주시,35000,200,2005,21
빛의 속삭임과 함께하는 물맑음수목원 반딧불이 체험,경기,남양주시,6800,30,2025,
제22회 안산국제거리극축제,경기,안산시,537900,1000,2005,22
제29회 성호문화제,경기,안산시,7000,60,1996,29
제40회 별망성예술제,경기,안산시,20000,143,1987,40
제7회 김홍도축제,경기,안산시,135870,290,2018,7
2026년 안산 대부포도축제,경기,안산시,24000,135,1995,
제4회 음식문화제,경기,안산시,7000,40,2019,4
2026 안산사이언스밸리(ASV)과학축제,경기,안산시,60000,240,2012,
2026 안양충훈벚꽃축제,경기,안양시,25000,70,2003,
제35회 안양예술제,경기,안양시,1000,92,1992,35
2026 안양건축문화제,경기,안양시,5456,166,2018,
제23회 안양스마T움축제,경기,안양시,41000,260,2002,23
안양 음식문화축제,경기,안양시,32183,64,2013,
2026 안양춤축제,경기,안양시,142088,600,2000,
안양1번가 넘버원 페스티벌,경기,안양시,8310,100,2023,
제33회 물왕예술제,경기,시흥시,9000,140,1992,33
거북섬 써머비트 페스티벌,경기,시흥시,16000,160,2025,
제21회 시흥갯골축제,경기,시흥시,30778,580,2005,21
연성문화제,경기,시흥시,3000,70,1989,
제18회 평생학습축제,경기,시흥시,5000,60,2006,18
파주출판도시 어린이 책잔치,경기,파주시,37000,4,2003,
2026 파주포크페스티벌,경기,파주시,17000,290,2011,
DMA국제다큐멘터리영화제,경기,파주시,25000,3624,2009,
제8회 운정호수공원 불꽃축제,경기,파주시,97849,505,2017,8
2026 헤이리 판 페스티벌,경기,파주시,36000,128,2006,
파주 페어 북앤컬처,경기,파주시,50000,8,2024,
제36회 율곡문화제,경기,파주시,2000,250,1987,36
제18회 문산거리축제,경기,파주시,10000,36,2005,18
금촌거리문화 축제,경기,파주시,30000,5,2004,
제21회 파주개성인삼축제,경기,파주시,86557,600,2005,21
제30회 파주장단콩축제,경기,파주시,244982,734,1997,30
법원읍 달달한 희망 빛 축제,경기,파주시,1000,3,,
김포 벚꽃축제,경기,김포시,70000,30,2025,
김포 아라마린페스티벌,경기,김포시,132569,382,2016,
제25회 의정부음악극축제,경기,의정부시,21500,400,2002,25
제8회 BMF,경기,의정부시,15000,450,2018,8
제41회 회룡문화제,경기,의정부시,5000,100,1987,41
제4회 문화도시 정책페스타,경기,의정부시,25000,340,2023,4
제4회 가능야식해,경기,의정부시,2000,33,2023,4
제5회 민락맥주축제,경기,의정부시,11000,5,2022,5
제19회 의정부부대찌개축제,경기,의정부시,4500,5,2008,19
제31회 광주시 남한산성문화제,경기,광주시,83834,600,1996,31
제29회 광주왕실도자페스티벌,경기,광주시,228291,725,1997,29
제24회 퇴촌토마토거리축제,경기,광주시,300000,350,2003,24
2026 하남이성산성문화제,경기,하남시,16500,200,1989,
제9회 양주 회암사지 왕실축제,경기,양주시,96064,501,2017,9
양주국가유산 야행,경기,양주시,100000,493,2020,
제8회 양주 천만송이 천일홍 축제,경기,양주시,150000,630,2017,8
2026 경기ㆍ양주ㆍ지작사 드론봇 페스티벌,경기,양주시,42530,384,2022,
페스티벌 광명,경기,광명시,51260,500,2022,
2026년 제4회 광명동굴 빛 축제,경기,광명시,53936,290,2023,4
광명 봄꽃축제,경기,광명시,13909,35,2025,
광명마당극축제,경기,광명시,10388,170,2024,
제23회 광명시평생학습축제,경기,광명시,32000,127,2002,23
2026 오(oh)! 해피 장미빛축제,경기,오산시,40277,100,2025,
2026 오(oh)! 해피 산타 마켓,경기,오산시,190000,300,2023,
제13회 야맥축제,경기,오산시,98106,5,2016,13
군포철쭉축제,경기,군포시,545802,600,2011,
제40회 이천도자기축제,경기,이천시,1141000,1413,1987,40
2026 이천펫축제,경기,이천시,14000,153,2023,
제12회 이천인삼축제,경기,이천시,97960,300,2015,12
제30회 장호원 햇사레복숭아축제,경기,이천시,97000,418,1997,30
제15회 이천시 주민자치평생학습축제,경기,이천시,10000,243,2005,15
제25회 이천쌀문화축제,경기,이천시,232000,1672,1996,25
제27회 이천 백사 산수유꽃축제,경기,이천시,84000,200,2000,27
2026 서희외교문화제,경기,이천시,6500,137,2017,
제40회 설봉문화제,경기,이천시,3000,60,1987,40
2026 이천 첨단방산드론 대전,경기,이천시,46000,300,2025,
안성맞춤 남사당 바우덕이축제,경기,안성시,603622,21826,2001,
안성맞춤포도축제,경기,안성시,,55,2007,
죽주대고려문화축제,경기,안성시,,55,2004,
2026 구리 유채꽃 축제,경기,구리시,300000,362,2001,
2026 구리 코스모스 축제,경기,구리시,300000,410,2001,
동구릉 힐링예술제,경기,구리시,6865,53,2023,
2026 구리 빛 축제,경기,구리시,10000,290,2023,
2026 마신는 구리 축제,경기,구리시,10134,280,2023,
구리전통시장 거리축제,경기,구리시,1000,36,2006,
제20회 구리시 평생학습축제,경기,구리시,6250,,2006,20
제29회 포천 산정호수 명성산 억새꽃축제,경기,포천시,50000,450,1997,29
제2회 포천 한탄강 봄 가든페스타,경기,포천시,159902,290,2024,2
제3회 포천 한탄강 가을 가든페스타,경기,포천시,290788,400,2024,3
제2회 반려동물  봄 관광축제(펫스타),경기,포천시,5000,100,2025,2
제3회 반려동물  가을 관광축제(펫스타),경기,포천시,5000,100,2025,3
제22회 포천 백운계곡 동장군 축제,경기,포천시,60000,150,2004,22
제14회 포천 한우 축제,경기,포천시,18389,200,2012,14
제16회 양평용문산 산나물축제,경기,양평군,148038,767,2008,16
제4회 우리밀 축제,경기,양평군,42060,200,2023,4
제4회 겨울엔 양평,경기,양평군,,200,2023,4
2026 지역문화박람회,경기,양평군,60000,500,2023,
2026년 청소년 영화제,경기,양평군,800,20,2023,
제9회 갈산누리봄축제,경기,양평군,50000,45,2017,9
용천3리 벚꽃길 걷기 및 작은음악회,경기,양평군,,10,2010,
제27회 양평단월고로쇠축제,경기,양평군,80000,150,1999,27
2026 양평수박축제,경기,양평군,25000,110,2025,
제7회 양평부추축제,경기,양평군,50000,150,2016,7
제3회 지평전통발효축제,경기,양평군,40000,120,2023,3
제23회 양평산수유한우축제,경기,양평군,80000,150,2004,23
제5회 여주선비장터축제,경기,여주시,15000,120,2018,5
제4회 싸리산 축제,경기,여주시,4000,50,2023,4
제4회 여주 대심섬 축제,경기,여주시,10000,50,2023,4
제4회 강천섬 힐링 문화축제,경기,여주시,70000,,2023,4
제10회여주흥천남한강벚꽃축제,경기,여주시,250000,160,2017,10
제21회 산북품실축제,경기,여주시,3000,120,2004,21
제38회 여주도자기축제,경기,여주시,1168050,1150,1990,38
2026 여주오곡나루축제,경기,여주시,408405,1050,1998,
제2회 북내 삼색별미축제,경기,여주시,800,43,2025,2
제20회 금사참외축제,경기,여주시,100000,160,2007,20
제2회 중앙동 청심문화축제,경기,여주시,500,20,2025,2
의왕백운호수축제,경기,의왕시,60000,595,2001,
제26회 동두천 락 페스티벌,경기,동두천시,16000,350,1999,26
"제7회 도심재생 야간축제
(2026년 헬로 DDC 페스티벌)",경기,동두천시,6000,200,2017,7
2026 과천공연예술축제,경기,과천시,120412,1470,1997,
2026 Colorful Garden 자라섬 꽃 페스타(봄),경기,가평군,139623,210,2020,
2026 Colorful Garden 자라섬 꽃 페스타(가을),경기,가평군,125297,190,2020,
제3회 재즈페스티벌 in 가평,경기,가평군,5240,400,2024,3
제23회 자라섬재즈페스티벌,경기,가평군,15000,1000,2004,23
제33회 연천 구석기 축제,경기,연천군,66562,2599,1993,33
2026년 임진강 댑싸리정원 개장,경기,연천군,212340,381,2021,
제5회 연천 당포성 별빛축제,경기,연천군,900,50,2022,5
제11회 연천장남 통일바라기 축제,경기,연천군,13418,68,2014,11
제8회 연천국화축제,경기,연천군,170000,571,2019,8
제5회 연천율무축제(농특산물 큰장터),경기,연천군,140000,290,2016,5
춘천막국수닭갈비축제,강원,춘천시,300000,800,2008,
춘천호수정원페스타,강원,춘천시,500,80,2025,
온가족 웃음찾기 개그쇼,강원,춘천시,2100,163,2023,
춘천연극페스티벌(신규),강원,춘천시,,100,2026,
제 33회 봄내예술제,강원,춘천시,3640,120,1995,33
제38회 춘천마임축제,강원,춘천시,101780,715,1989,38
2026 의병축제,강원,춘천시,1350,30,2019,
춘천연극제,강원,춘천시,110270,300,1993,
춘천아트페어 아르로드 R.OAD,강원,춘천시,3000,20,2024,
춘천영화제,강원,춘천시,3285,250,2022,
2026 공연예술제,강원,춘천시,625,80,2001,
춘천 오페라 페스티벌,강원,춘천시,2300,296,2022,
춘천인형극제,강원,춘천시,224120,630,1989,
2026 온세대합창페스티벌,강원,춘천시,6908,400,2017,
이디오피아길 세계축제 및 메스칼 페스티벌,강원,춘천시,,30,2026,
2026 제29회 춘천국제고음악제,강원,춘천시,1500,120,1997,29
춘천커피축제,강원,춘천시,40000,150,2025,
지역명품페스타,강원,춘천시,95,65,2013,
2026 춘천 반려동물 페스티벌,강원,춘천시,10000,270,2021,
2026년 제5회 강원한우데이,강원,춘천시,1100,100,2022,5
2026 대한민국 독서대전,강원,춘천시,,900,2026,
제6회 춘천 술 페스타,강원,춘천시,25232,150,2021,6
춘천 애니토이페스티벌,강원,춘천시,28745,280,1997,
2026 춘천 썸머워터 페스티벌,강원,춘천시,12669,150,2025,
춘천 감자페스타,강원,춘천시,24000,100,2024,
춘천호수 드론라이트쇼,강원,춘천시,100000,200,2023,
서면 호수별빛 페스타,강원,춘천시,,100,2026,
2026 댄싱카니발,강원,원주시,198864,1212,2011,
원주 한지문화제,강원,원주시,34500,233,1999,
용수골꽃양귀비축제,강원,원주시,56791,25,2008,
장미축제,강원,원주시,48102,25,1999,
섬강축제,강원,원주시,10000,20,1997,
신월랑달빛축제,강원,원주시,700,30,2024,
혁신도시 상생마켓,강원,원주시,12000,44,2024,
혁신페스타,강원,원주시,12000,66,2024,
혁신도시 미리내야행,강원,원주시,8000,60,2025,
2026 원주라면축제,강원,원주시,20000,270,2025,
2026 원주만두축제,강원,원주시,410000,800,2023,
원주문화의거리 치맥축제,강원,원주시,55000,55,2015,
제12회 치악산한우 축제,강원,원주시,5000,280,2015,12
제32회 국제걷기대회,강원,원주시,10622,150,1996,32
제25회치악산 복숭아 축제,강원,원주시,500,39,2001,25
제5회 치악산 고구마축제,강원,원주시,500,38,2022,5
제14회 치악산 찰옥수수 축제,강원,원주시,500,100,2013,14
제63회 농업인의 날 삼토 페스티벌,강원,원주시,50000,500,2005,63
경포 벚꽃 축제,강원,강릉시,275000,291,1993,
솔올블라썸,강원,강릉시,50000,200,2023,
남산 벚꽃 축제,강원,강릉시,15711,100,2009,
강릉 차문화 축제,강원,강릉시,32317,120,2023,
강릉단오제,강원,강릉시,956000,2708,,
강릉 비치비어 페스티벌,강원,강릉시,63000,354,2019,
강릉 버스킹 전국대회,강원,강릉시,11980,400,2024,
경포 썸머 페스티벌,강원,강릉시,81266,400,1997,
주문진 해변축제,강원,강릉시,8580,90,2004,
강릉 국가유산야행,강원,강릉시,159620,975,2016,
강릉 누들 축제,강원,강릉시,190155,207,2022,
제18회 강릉커피축제,강원,강릉시,520000,800,2009,18
2026 강릉크리스마스 겨울축제,강원,강릉시,212000,290,2021,
해맞이 행사,강원,강릉시,346392,182,1998,
제8회 묵호등대 논골담길 축제,강원,동해시,500,15,2015,8
제13회 전천축제,강원,동해시,30000,15,2010,13
제4회 발한 호로롱 페스티벌,강원,동해시,3000,25,2023,4
2026년 무릉별유천지 라벤더축제,강원,동해시,85792,290,2023,
제2회 아스타축제,강원,동해시,2698,100,2025,2
제5회 송정막걸리축제,강원,동해시,1000,15,2019,5
동해무릉제,강원,동해시,70000,840,1984,
도째비페스타,강원,동해시,65000,300,2022,
제33회 태백산 눈축제,강원,태백시,526304,1427,1994,33
"제11회 한강,낙동강발원지 축제",강원,태백시,194212,932,2016,11
태백 천상의 산나물 축제,강원,태백시,29500,255,2018,
제3회 탄광문화고기축제,강원,태백시,6000,75,2024,3
2026 영랑호 벚꽃축제,강원,속초시,30000,120,2024,
2026년 설악무산문화축전,강원,속초시,70000,1090,2024,
2026 실향민 문화축제,강원,속초시,129664,580,2016,
2026 속초썸머페스티벌,강원,속초시,101225,110,2017,
제61회 설악문화제,강원,속초시,78060,850,1966,61
2026 삼척정월대보름제,강원,삼척시,118109,780,1973,
제22회맹방유채꽃축제,강원,근덕면,243000,400,2002,22
제13회 삼척 하장 두타산 산나물축제,강원,삼척시,3000,99,2010,13
2026년 제8회 삼척 장미축제,강원,삼척시,142123,800,2018,8
2026년 제7회 삼척 비치 썸 페스티벌,강원,삼척시,25752,270,2016,7
제3회 삼척해(海)랑영화제,강원,삼척시,5600,230,2024,3
2026 삼척동해왕이사부축제,강원,삼척시,51594,400,2008,
2026 강원예술인 한마당,강원,삼척시,,400,2023,
2026 국가유산 죽서루 야행,강원,삼척시,15716,300,2024,
제17회 삼척평생학습박람회 및 제7최 책축제,강원,삼척시,15000,317,2007,17
2026년 제3회 너와포차거리,강원,삼척시,4000,98,2024,3
제14회 홍천강 꽁꽁축제,강원,홍천군,230050,2000,2013,14
제8회 홍천산나물출제,강원,홍천군,24654,290,2019,8
제30회 홍천찰옥수수축제,강원,홍천군,26850,295,1996,30
제10회 홍천강 별빛음악 맥주축제,강원,홍천군,154147,1100,2017,10
제24회 홍천 인삼한우 명품축제,강원,홍천군,105717,500,2003,24
제11회 홍천사과축제,강원,홍천군,105717,290,2016,11
제22회 횡성한우축제,강원,횡성군,300000,2040,2004,22
제15회 둔내고랭지토마토축제,강원,횡성군,51373,205,2012,15
제13회 횡성더덕축제,강원,횡성군,25030,180,2012,13
제18회 안흥찐빵축제,강원,횡성군,53499,180,1999,18
제7회 횡성호수길축제,강원,횡성군,12820,100,2019,7
제4회 소(牛)맥 프리미엄 페스티벌,강원,횡성군,3589,100,2023,4
제5회 태종노구문화제,강원,횡성군,4500,100,2018,5
제38회 횡성회다지소리 민속문화제,강원,횡성군,3000,100,1987,38
제59회 단종문화제,강원,영월군,48492,1700,1967,59
동강국제사진제,강원,영월군,35313,700,2002,
제28회 동강뗏목축제,강원,영월군,24608,900,1997,28
김삿갓문화제,강원,영월군,16688,550,1998,
계촌클래식축제,강원,평창군,18000,250,2015,
평창더위사냥축제,강원,평창군,35246,599,2013,
평창효석문화제,강원,평창군,195000,645,1999,
평창농악축제,강원,평창군,11500,267,2019,
평창백일홍축제,강원,평창군,96261,363,2015,
평창송어축제,강원,평창군,227725,898,2007,
대관령눈꽃축제,강원,평창군,110391,975,1993,
제1회 정선메밀전병축제,강원,정선군,,80,2026,1
제20회 정선동강할미꽃 축제,강원,정선군,20000,10,2007,20
제34회 화암약수제,강원,정선군,5000,20,1993,34
제15회 로컬푸드축제,강원,정선군,15000,20,2013,15
제33회 두위봉 철쭉제 산맥 페스티벌,강원,정선군,1000,10,1991,33
제30회 사북읍석탄문화제,강원,정선군,20000,10,1995,30
제3회 나전역 야시장 야밤바 행사,강원,정선군,500,5,2024,3
제21회 정선 함백산 야생화축제,강원,정선군,150000,10,2007,21
제10회 강변가요제,강원,정선군,6000,30,2014,10
제34회 아우라지 뗏목축제,강원,정선군,32000,10,1992,34
제51회 정선아리랑제,강원,정선군,145364,2690,1976,51
제31회 민둥산은빛억새축제,강원,정선군,300000,10,1995,31
정선 사과축제,강원,정선군,15000,150,2017,
2026년 용화천 겨울 놀이터,강원,철원군,1000,100,2018,
2026년 용화천 물놀이장,강원,철원군,1000,60,2018,
DMZ 피스트레인 뮤직페스티벌 2026,강원,철원군,13747,982,2018,
철원 화강 다슬기축제,강원,철원군,300000,1190,2007,
태봉제,강원,철원군,60000,991,1983,
철원한탄강얼음트레킹 축제,강원,철원군,150000,1199,2013,
제22회 화천토마토축제,강원,화천군,130092,660,2003,22
2026얼음나라 화천 산천어축제,강원,화천군,1869785,4760,2003,
2026 청춘양구 곰취축제,강원,양구군,102115,800,2004,
2026  국토정중앙 청춘양구 배꼽축제,강원,양구군,71393,800,2008,
제41회 양록제,강원,양구군,,295,1983,41
2026 청춘양구 펀치볼 시래기사과축제,강원,양구군,47813,450,2022,
2026 인제 여름 축제,강원,인제군,82573,2300,2024,
2026 인제 가을꽃축제,강원,인제군,302794,2300,2019,
용대황태축제,강원,인제군,15000,132,1999,
하추리도리깨축제,강원,인제군,920,8,2012,
인제천리길 개통 10주년 기념행사 및 제9회 인제천리길 걷기 축제,강원,인제군,200,11,2018,9
제12회 곰배령별밤음악축제,강원,인제군,800,11,2013,12
햇살마을 구상나무트리 축제,강원,인제군,,11,2024,
제1회 설악산 백담 눈꽃축제,강원,인제군,6000,16,2022,1
제2회 기린농협 산나물 직거래 판매행사,강원,인제군,1000,11,2025,2
제26회 고성통일명태축제,강원,고성군,84000,451,1997,26
2026 양양 낙산해변 달빛모닥불 축제,강원,양양군,10000,60,2025,
2026 양양 남대천 벚꽃축제,강원,양양군,20000,80,2023,
2026 마을단위축제(3개 내외),강원,양양군,3000,35,2022,
양양 서핑페스티벌,강원,양양군,58251,150,2016,
2026 양양송이연어축제,강원,양양군,127027,1000,1996,
크리스마스 마켓&축제,강원,양양군,,50,2026,
충북 한우랑 브랜드랑 축제,충북,,3000,72,2008,
제17회 영춘제,충북,청주시,81245,100,2010,17
제21회 가을축제,충북,청주시,142124,100,2006,21
2026 3·3데이 청주삼겹살 축제,충북,청주시,12000,15,2012,
2026 벚꽃과 함께하는 제5회 청주 푸드트럭 축제,충북,청주시,430000,100,2023,5
2026 청주 미식·주(酒) 페스타,충북,청주시,30000,185,2025,
2026 청주 디저트·베이커리 페스타,충북,청주시,67000,114,2023,
2026 세종대왕과 초정약수축제,충북,청주시,160000,1029,2006,
한여름밤 오싹 호러 페스티벌,충북,청주시,32000,1000,2025,
2026 청주시 도시농업 페스티벌,충북,청주시,60252,500,2023,
대한민국 정원박람회 2026 청주 가드닝페스티벌,충북,청주시,25000,1000,2018,
2026 청원생명축제,충북,청주시,653185,3074,2008,
2026 직지문화축제,충북,청주시,143354,2000,2003,
2026 청주 국가유산 야행,충북,청주시,100000,5,2016,
2026 국가유산 미디어아트 청주,충북,청주시,,1400,2026,
원도심골목길축제<봄:중앙극장>,충북,청주시,25000,120,2023,
청남대 재즈토닉페스티벌,충북,청주시,23000,520,2017,
원도심골목길축제<여름:성안이즈백>,충북,청주시,82000,90,2023,
청주읍성큰잔치,충북,청주시,35000,280,2009,
동부창고페스타,충북,청주시,15000,90,2023,
원도심골목길축제<가을:집대성>,충북,청주시,5100,70,2023,
힙한 청주 페스티벌 in 제조창,충북,청주시,9300,250,2025,
제54회 우륵문화제,충북,충주시,60000,600,1971,54
목계별신제,충북,충주시,3000,90,1960,
2026 충주 국가유산 야행,충북,충주시,18200,250,2021,
2026년 충주씨 농산물직거래 한마당,충북,충주시,410000,200,2017,
충주호 벚꽃축제,충북,충주시,6412,35,2011,
제41회 수안보온천제,충북,충주시,52000,130,1985,41
충주다이브페스티벌,충북,충주시,222654,1980,2023,
비내섬 축제,충북,충주시,5421,100,2023,
2026 제3회 제천빨간오뎅축제,충북,제천시,20000,80,2025,3
제30회 제천청풍호벚꽃축제,충북,제천시,20000,80,1997,30
2026 제천 임산물 숲푸드 축제,충북,제천시,,40,2026,
제24회 월악산송계양파축제,충북,제천시,2500,45,2003,24
슬로시티 수산  힐링축제,충북,제천시,4000,27,2018,
제7회 봉양박달콩축제,충북,제천시,3000,50,2019,7
2026년 제천 수제맥주&달빛야시장 축제,충북,제천시,14000,75,2022,
제5회 덕산양채축제,충북,제천시,1000,47,2022,5
2026 보은벚꽃길축제,충북,보은군,240129,400,2024,
2026 보은대추축제,충북,보은군,456190,1400,2007,
제24회 옥천묘목축제,충북,옥천군,53127,420,1999,24
제7회 청산생선국수 축제,충북,옥천군,3000,59,2017,7
제3회 향수옥천 유채꽃 축제,충북,옥천군,,73,2023,3
제39회 지용제,충북,옥천군,92712,600,1987,39
2026 제17회 향수옥천 포도복숭아 축제,충북,옥천군,70600,526,2007,17
2026년 제16회 옥수수감자 축제,충북,옥천군,5200,8,2008,16
2026 영동곶감축제,충북,영동군,76600,600,2003,
제15회 대한민국와인축제,충북,영동군,113006,590,2010,15
2026 영동포도축제,충북,영동군,180000,946,2004,
제57회 영동난계국악축제,충북,영동군,76600,1100,1965,57
증평인삼골축제,충북,증평군,310000,410,1992,
증평들노래축제,충북,증평군,10000,63,2004,
제26회 생거진천 농다리축제,충북,진천군,494542,450,2000,26
제47회 생거진천문화축제,충북,진천군,275853,748,1979,47
제15회 생거진천 평생학습축제,충북,진천군,8183,69,2008,15
제11회 참숯마실축제,충북,진천군,80000,80,2015,11
제14회 생거진천예술제,충북,진천군,100000,100,2013,14
괴산빨간맛페스티벌,충북,괴산군,235238,500,2024,
괴산고추축제,충북,괴산군,311152,1090,2001,
괴산김장축제,충북,괴산군,123394,800,2019,
제27회 음성품바축제,충북,음성군,328190,1100,2000,27
2026 음성명작 페스티벌,충북,음성군,268597,880,2022,
제45회 설성문화제,충북,음성군,44288,550,1982,45
제42회 단양 소백산철쭉제,충북,단양군,237688,650,1983,42
제28회 단양 온달문화축제,충북,단양군,39433,650,1996,28
제11회 천안위례벚꽃축제,충남,천안시,20000,99,2013,11
2026년 어린이날기념 천안어린이행복주간행사,충남,천안시,30000,200,2024,
제3회 수신멜론축제,충남,천안시,8000,57,2024,3
2026 천안 K-컬처박람회,충남,천안시,356448,3976,2023,
2026 천안호두축제,충남,천안시,4000,90,2008,
병천순대축제,충남,천안시,2000,45,2025,
천안흥타령춤축제 2026,충남,천안시,890000,3500,2003,
제6회 「2026 빵빵데이 천안」 축제,충남,천안시,291040,450,2021,6
2026 천안시 K-DOG FESTIVAL,충남,천안시,6912,260,2023,
제27회 입장거봉포도축제,충남,천안시,5000,100,1993,27
제9회 겨울공주 군밤축제,충남,공주시,241064,690,2018,9
계룡산 벚꽃축제,충남,공주시,,53,1993,
계룡산 산신제,충남,공주시,,100,1998,
갑사 황매화축제,충남,공주시,,18,2019,
마곡사 신록축제,충남,공주시,,18,2004,
제18회 공주 석장리 구석기 축제,충남,공주시,61078,1030,2008,18
제5회 공주 유구색동수국정원 꽃축제,충남,공주시,79762,480,2022,5
제2회 공주야밤 맥주축제,충남,공주시,27164,350,2025,2
구룡사 구절산 구절초 축제,충남,공주시,,50,2019,
제72회 백제문화제,충남,공주시,984515,4070,1955,72
무창포 주꾸미 도다리 축제,충남,보령시,100000,42,2000,
보령AMC모터페스티벌,충남,보령시,202456,750,2022,
오천항키조개축제,충남,보령시,4000,43,2018,
제29회 보령머드축제,충남,보령시,1690359,3500,1998,29
용두솔밭어울림 축제,충남,보령시,600,9,2018,
"원산도 전국 해변가요제 및 원산도, 효자도 붕장어 축제",충남,보령시,500,40,2019,
무창포대하전어축제,충남,보령시,230523,15,1999,
보령예술제,충남,보령시,6500,150,1997,
2026년 보령 국가유산야행,충남,보령시,13030,250,2023,
무창포 신비의 바닷길 축제,충남,보령시,54091,350,2000,
2026 숲속야행,충남,보령시,3849,90,2023,
만세보령문화제,충남,보령시,3000,650,1988,
천북굴축제,충남,보령시,7000,65,2000,
2026 대천겨울바다사랑축체,충남,보령시,38000,290,2017,
제65회 아산 성웅 이순신축제,충남,아산시,410000,,1961,65
제37회 설화예술제,충남,아산시,1000,260,1990,37
은행나무길거리예술제,충남,아산시,22000,70,2018,
(가칭)대한민국 이스포츠 리그(이터널리턴),충남,아산시,,280,2026,
아산 외암마을야행,충남,아산시,107000,340,2022,
현충사 달빛야행,충남,아산시,67000,290,2018,
제25회 외암민속마을 짚풀문화제,충남,아산시,100000,297,2022,25
제4회 영인산 철쭉제,충남,아산시,9000,119,2023,4
제4회 도시농업축제,충남,아산시,30000,97,2023,4
2026년 아산시 국화전시회,충남,아산시,20000,99,2007,
제23회 서산해미읍성축제,충남,서산시,12468,1550,2000,23
팔봉산감자축제,충남,서산시,36000,100,2002,
서산6쪽마늘축제,충남,서산시,30700,180,2005,
해미벚꽃축제,충남,서산시,,55,2017,
삼길포우럭축제,충남,서산시,38000,110,2013,
서산 어리굴젓 축제,충남,서산시,15000,77,2015,
서산국화축제,충남,서산시,76080,180,1996,
제28회 논산딸기축제,충남,논산시,350000,1700,1997,28
제26회 연산대추문화축제,충남,논산시,33000,1000,1999,26
제28회 강경젓갈축제,충남,논산시,330000,1250,1997,28
제24회 논산양촌곶감축제,충남,논산시,130000,220,2000,24
2026계룡軍문화축제,충남,계룡시,849700,2900,2007,
제4회 계룡 향적산 봄나들이 행사,충남,계룡시,5000,230,2023,4
제3회 사계문화제,충남,계룡시,900,50,2024,3
왜목마을해넘이해돋이소원제,충남,당진시,22000,,1999,
제18회 순성 벚꽃축제,충남,당진시,1000,50,2005,18
제2회 당진면천읍성축제,충남,당진시,15000,100,2001,2
당진 삽교호 드론 라이트 쇼,충남,당진시,701322,977,2024,
당진 댄스 페스티벌,충남,당진시,78646,280,2024,
남이흥 장군 문화제,충남,당진시,200,50,1989,
당진 합덕 연꽃축제,충남,당진시,40000,155,2017,
제49회 심훈상록문화제,충남,당진시,10000,164,1977,49
제2회 면천의 봄 또봄면천,충남,당진시,33559,500,2025,2
기지시줄다리기축제,충남,당진시,40000,650,1600,
장고항 실치와 함께하는 수산물 축제,충남,당진시,5000,25,2000,
한진포구 수산물 홍보판촉행사,충남,당진시,2000,20,2005,
제6회 금산삼계탕축제,충남,금산군,51000,3500,2021,6
제44회 금산세계인삼축제,충남,금산군,985000,1100,1981,44
비단고을 산꽃축제,충남,금산군,22828,110,2000,
홍도화축제,충남,금산군,2000,10,2008,
제16회 금산천봄꽃축제,충남,금산군,5000,10,2008,16
제24회 부여서동연꽃축제,충남,부여군,374000,1640,2003,24
제72회 백제문화제,충남,부여군,953000,5337,1955,72
제21회 부여 굿뜨래 알밤축제,충남,부여군,30000,200,2005,21
2026 부여 세도 방울토마토&유채꽃 축제,충남,부여군,13000,210,2005,
제23회 백제고도 부여국화축제,충남,부여군,110000,400,2004,23
제24회 동백꽃 주꾸미 축제,충남,서천군,240000,24,2000,24
제20회 자연산 광어 도미 축제,충남,서천군,120000,24,2003,20
제16회 장항항 수산물 꼴갑 축제,충남,서천군,50000,50,2009,16
제3회 서천 블루베리 축제,충남,서천군,50000,54,2024,3
제36회 한산모시문화제,충남,서천군,101000,1074,1989,36
춘장대해수욕장 여름문화예술 축제,충남,서천군,9875,54,2004,
제4회 장항 맥문동 꽃 축제,충남,서천군,216011,918,2023,4
제24회 홍원항 전어 꽃게 축제,충남,서천군,95000,24,2001,24
제9회 한산소곡주축제,충남,서천군,80000,59,2015,9
서천군 평생학습한마당,충남,서천군,10000,91,2013,
제4회 판교 도토리묵 축제,충남,서천군,,50,2023,4
제3회 부또막 축제,충남,서천군,2000,40,2024,3
2026 서천철새여행,충남,서천군,20000,80,2011,
2026 서천 마량진항 해넘이 해돋이 행사,충남,서천군,10000,50,2000,
제18회 칠갑산 얼음분수축제,충남,청양군,168635,1000,2009,18
제27회 칠갑산장승문화축제,충남,청양군,20872,180,1999,27
제5회 벚꽃토마토 문화축제,충남,청양군,1000,20,2021,5
2026 청양 고추구기자 축제(27회),충남,청양군,101215,1050,2000,27
제2회 청양 매운맛 골목축제,충남,청양군,900,70,2025,2
홍성 남당항 새조개 축제,충남,홍성군,74830,70,2004,
홍성 남당항 대하축제,충남,홍성군,60450,70,1996,
광천김토굴새우젓 대축제,충남,홍성군,17570,200,1996,
홍성글로벌바비큐페스티벌,충남,홍성군,600000,1480,2023,
홍성역사인물축제,충남,홍성군,35000,400,2005,
구항한우봄꽃축제,충남,홍성군,,23,2007,
제25회 홍성사랑국화축제,충남,홍성군,350000,257,2002,25
제53회 윤봉길 평화축제,충남,예산군,25543,200,1973,53
제10회 예산장터삼국축제,충남,예산군,228017,800,2017,10
제23회 예산사과축제,충남,예산군,228017,200,1983,23
2026 의좋은형제축제,충남,예산군,33351,200,2005,
제7회 예산황새축제,충남,예산군,19827,100,2019,7
제3회 국가유산 야행,충남,예산군,15000,625,2023,3
신진도 오징어&해산물 축제,충남,태안군,31000,99,2024,
안면도 백사장 대하축제,충남,태안군,90000,99,2000,
꽃과바다 태안국화축제,충남,태안군,55000,500,2022,
제22회 태안 해변 힐링페스티벌,충남,태안군,6000,100,2003,22
2026 전주세계문화주간(프랑스)봄,전북,전주시,3334,15,2016,
2026 전주세계문화주간(프랑스)여름,전북,전주시,3333,15,2016,
2026 전주세계문화주간(프랑스)가을,전북,전주시,3333,15,2016,
2026 김장문화축제,전북,전주시,2500,120,2019,
2026 전주문화유산야행,전북,전주시,219591,543,2015,
2026 대한민국 전주정원산업박람회,전북,전주시,337000,2000,2021,
제16회 얼굴없는천사축제,전북,전주시,1200,30,2011,16
제3회 전주막걸리축제,전북,전주시,20000,100,2024,3
전주얼티밋뮤직페스티벌,전북,전주시,30000,1000,2016,
2026년 전주 이팝나무 축제,전북,전주시,100000,50,2024,
2026 전주국제한지산업대전,전북,전주시,21584,200,1997,
2026 전주가맥축제,전북,전주시,120000,150,2015,
전주페스타 2026,전북,전주시,300000,1100,2023,
2026 전주비빔밥축제,전북,전주시,102000,320,2007,
전주 단오제,전북,전주시,35000,100,2015,
제14회 군산시간여행축제,전북,군산시,134597,1034,2013,14
제5회 군산짬뽕페스티벌,전북,군산시,130000,158,2022,5
제21회 군산꽁당보리축제,전북,군산시,32000,142,2006,21
제9회 군산우체통거리 손편지축제,전북,군산시,2000,71,2018,9
제5회 군산 수제맥주&블루스 페스티벌,전북,군산시,30000,442,2022,5
제9회 익산백제 국가유산야행,전북,익산시,50000,935,2018,9
2026년 익산 서동축제,전북,익산시,75000,920,1969,
제3회 익산 근대문화유산 축전,전북,익산시,17000,79,2024,3
제2회 익산 고구마(순) 축제,전북,익산시,5000,450,2025,2
제5회 익산 호러 홀로그램 페스티벌,전북,익산시,38844,800,2022,5
제5회 국가유산 미디어아트,전북,익산시,,1600,2021,5
제57회 익산 마한문화대전,전북,익산시,25000,200,2024,57
제5회 NS 푸드페스타 2026 in 익산,전북,익산시,21000,358,2022,5
제4회 보물찾기축제,전북,익산시,7062,150,2022,4
제8회 K-김장문화축제 익산,전북,익산시,3000,100,2017,8
제19회 정읍 구절초 꽃축제,전북,정읍시,156281,850,2005,19
정읍 벚꽃축제,전북,정읍시,155000,380,1991,
정읍 물빛축제,전북,정읍시,25300,380,2023,
작은마을 축제,전북,정읍시,,500,2026,
제37회 정읍사문화제,전북,정읍시,37041,420,1990,37
제96회 춘향제,전북,남원시,1451276,3911,1931,96
제34회 흥부제,전북,남원시,42663,650,1992,34
남원 봄꽃 음악회,전북,남원시,12000,99,2023,
남원 워터밤 페스티벌,전북,남원시,5960,168,2023,
제30회 지리산 바래봉 철쭉제,전북,남원시,100000,25,1995,30
제3회 지리산 흥부골 포도축제,전북,남원시,3500,60,2024,3
제12회 혼불문학 축제,전북,남원시,2000,60,2014,12
제28회 김제지평선축제,전북,김제시,156257,2830,1999,28
2026 김제 모악뮤직페스티벌,전북,김제시,15000,209,2008,
2026 꽃빛드리축제,전북,김제시,35000,279,2023,
지평선광활햇감자축제,전북,김제시,3000,70,2008,
제15회 지평선 추억의 보리밭 축제,전북,김제시,37077,48,2010,15
제4회 김제 자원순화 새로보미축제,전북,김제시,5410,240,2023,4
제4회 완주모악산웰니스축제,전북,완주군,38000,190,2023,4
2026 완주대둔산축제,전북,완주군,20000,190,1996,
제14회 완주와일드&로컬푸드축제,전북,완주군,62159,2082,2011,14
제8회 오성한옥마을 오픈가든축제,전북,완주군,15000,33,2018,8
제11회 완주곶감축제,전북,완주군,20000,129,2014,11
제24회 삼례딸기축제,전북,완주군,100000,180,1996,24
제4회 동상계곡물소리축제,전북,완주군,1500,30,2023,4
제8회 향어축제,전북,완주군,9500,17,2015,8
제22회 진안고원 운장산 고로쇠축제,전북,진안군,9000,70,2005,22
제16회 진안고원 수박축제,전북,진안군,5000,60,2009,16
2026 진안홍삼축제,전북,진안군,77066,1163,2013,
제8회 진안고원 김치보쌈축제,전북,진안군,5000,70,2019,8
제30회 무주반딧불축제,전북,무주군,421529,2600,1997,30
무주안성낙화놀이축제,전북,무주군,2000,50,2007,
제14회 무주산골영화제,전북,무주군,13695,1400,2013,14
제4회 서면마을 벚꽃축제,전북,무주군,2000,15,2023,4
제20회 장수한우랑사과랑축제,전북,장수군,320000,1220,2007,20
제4회 장수 쿨밸리 페스티벌,전북,장수군,6255,120,2023,4
제10회 번암물빛축제,전북,장수군,1000,36,2017,10
제4회 장수가꿈토마토랑수박축제,전북,장수군,800,25,2023,4
옥정호벚꽃축제,전북,임실군,20000,200,2022,
임실N펫스타(의견문화제),전북,임실군,82000,370,1982,
2026년 제 1회 임실 장미축제,전북,임실군,,700,2026,1
사선문화제,전북,임실군,10000,100,1963,
필봉마을굿축제,전북,임실군,15000,210,1996,
제12회 임실N치즈축제,전북,임실군,130422,1200,2015,12
임실 도자기축제,전북,임실군,3000,50,2025,
2026년 제 8회 임실 산타축제,전북,임실군,323695,700,2017,8
제23회 옥천골 벚꽃축제,전북,순창군,20000,44,1998,23
제4회 순창 채계산 유채꽃 축제,전북,순창군,4200,2,2024,4
제21회 순창장류축제,전북,순창군,53459,1319,2006,21
제30회 추령장승축제,전북,순창군,5000,8,1995,30
2026 순창 코리아떡볶이페스타,전북,순창군,40821,278,2024,
2026 순창 미리크리스마스,전북,순창군,5006,50,2022,
제4회 고창벚꽃축제,전북,고창군,205645,320,2023,4
제23회 고창 청보리밭 축제,전북,고창군,698589,255,2004,23
하전바지락 오감체험 페스티벌,전북,고창군,31500,60,2017,
고창갯벌축제,전북,고창군,32800,135,2016,
제23회 고창복분자와 수박축제,전북,고창군,91215,292,2004,23
제53회 고창모양성제,전북,고창군,140200,1970,1972,53
제8회 개암동 벚꽃축제,전북,부안군,20000,30,2016,8
제13회 부안마실축제,전북,부안군,190152,1630,2015,13
변산 비치파티,전북,부안군,20000,450,2022,
고슴도치섬 위도상사화축제,전북,부안군,1000,15,2015,
님의 뽕 축제,전북,부안군,2500,15,2009,
부안 곰소젓갈발효축제,전북,부안군,42000,132,2004,
2026 부안붉은노을축제,전북,부안군,121634,750,2022,
부안 설숭어축제,전북,부안군,3000,60,2007,
제54회 강진청자축제,전남,강진군,174014,1400,1973,54
제29회 전라병영성축제,전남,강진군,43919,290,1998,29
제4회 강진 수국길 축제,전남,강진군,48174,290,2023,4
제4회 강진 하맥축제,전남,강진군,75019,400,2023,4
제1회 강진 월출산 차(茶) & 정원 페스티벌(가칭),전남,강진군,,290,2026,1
제11회 강진만춤추는갈대축제,전남,강진군,198212,800,2015,11
제16회고흥우주항공축제,전남,고흥군,116480,600,2004,16
제 24회 녹동 바다불꽃축제,전남,고흥군,49151,200,2000,24
제5회 고흥유자축제,전남,고흥군,313980,,2019,5
제16회 곡성세계장미축제,전남,곡성군,248982,800,1998,16
제26회 곡성심청어린이대축제,전남,곡성군,31997,480,2021,26
제25회 광양매화축제,전남,광양시,642339,676,1997,25
제9회 광양천년동백축제,전남,광양시,4000,35,2023,9
제18회 백운산국사봉철쭉축제,전남,광양시,5000,40,2005,18
제25회 광양전어축제,전남,광양시,20000,80,1998,25
제22회 광양전통숯불구이축제,전남,광양시,90000,100,1999,22
제6회 광양 K-POP 페스티벌,전남,광양시,24000,500,2019,6
제27회 구례산수유꽃축제,전남,구례군,287444,525,1999,27
2026 구례300리 벚꽃축제,전남,구례군,100000,270,2004,
제82회 지리산남악제 및 제45회 군민의 날 행사,전남,구례군,2000,345,1945,82
2026 구례동편소리축제,전남,구례군,2000,260,2008,
화엄음악제,전남,구례군,2000,100,2005,
제50회 지리산피아골 단풍축제,전남,구례군,1500,100,1977,50
천년나주목읍성문화축제,전남,나주시,25000,100,2019,
영산포 홍어축제,전남,나주시,135000,200,2005,
빛가람 빛 정원 페스타,전남,나주시,20000,30,2024,
2026 설맞이 연날리기 축제,전남,나주시,,25,2026,
2026 나주영산강 축제,전남,나주시,511000,1600,2023,
제31회 남도음식문화큰잔치,전남,나주시,270000,1600,1994,31
제25회 담양대나무축제,전남,담양군,694928,710,1999,25
대전면 지역 축제(명칭미정),전남,담양군,8900,35,2024,
월산면 지역 축제(명칭미정),전남,담양군,4000,35,2024,
제12회 창평전통음식축제,전남,담양군,800,35,2024,12
제8회 담양산타축제,전남,담양군,85049,,2017,8
2026 유달산봄소풍,전남,목포시,80000,100,1996,
2026 목포항구축제,전남,목포시,240000,740,2006,
무안겨울숭어축제,전남,무안군,9800,150,2023,
해제 유채꽃축제,전남,무안군,1000,22,2023,
운남 돈세고놀자축제,전남,무안군,3000,150,2025,
무안연꽃축제,전남,무안군,62000,300,1997,
황토갯벌축제,전남,무안군,49000,300,2013,
무안낙지축제,전남,무안군,17391,150,2023,
무안YD 페스티벌,전남,무안군,15100,700,2019,
제49회 보성다향대축제,전남,보성군,610000,1010,1975,49
제13회 보성벚꽃축제,전남,보성군,3000,22,2006,13
제28회 서편제보성소리축제,전남,보성군,1000,475,1998,28
제18회 감쪽같은 보성전어축제,전남,보성군,3000,77,2004,18
제2회 보성열선루 이순신 역사문화축제,전남,보성군,69000,290,2025,2
제22회 벌교꼬막축제,전남,보성군,110000,286,2001,22
글로벌 콘텐츠 페스티벌 in 순천,전남,순천시,230000,1190,2024,
원도심 콘텐츠 축제 '원츠(Wants) 순천',전남,순천시,50000,290,2025,
도심 해방로드 주말의광장,전남,순천시,178000,1200,2025,
제43회 팔마문화제,전남,순천시,25000,2200,1968,43
2026년 동천 야광 축제,전남,순천시,100000,500,2025,
2026 제10회 순천 푸드앤아트페스티벌,전남,순천시,370700,700,2016,10
2026 순천국가유산야행,전남,순천시,,250,2022,
제31회 순천 낙안읍성 민속문화축제,전남,순천시,93650,200,1994,31
제27회 순천만 갈대축제,전남,순천시,58000,150,1997,27
2026 섬 흑산홍어축제,전남,신안군,700,57,2015,
섬 샤스타데이지 축제,전남,신안군,5000,50,2025,
2026 섬 수선화축제,전남,신안군,12121,60,2019,
2026 섬크로코스미아꽃축제,전남,신안군,3010,30,2021,
2026 섬겨울꽃축제,전남,신안군,40788,60,2012,
2026 섬 홍매화축제,전남,신안군,7000,30,2025,
2026 섬 튤립축제,전남,신안군,50000,80,2025,
2026 섬 맨드라미축제,전남,신안군,11000,30,2020,
신안 비금도 샴막예술축제,전남,신안군,1000,200,2024,
피아노섬 축제,전남,신안군,20000,50,2023,
2026년 보물섬 함초축제,전남,신안군,600,20,2025,
섬 낙지축제,전남,신안군,2000,52,2016,
섬 병어축제,전남,신안군,2000,52,2016,
섬 민어축제,전남,신안군,1500,52,2009,
섬 왕새우축제,전남,신안군,15000,75,2011,
섬 새우젓축제,전남,신안군,2400,47,2013,
제34회 여수영취산진달래축제,전남,여수시,30000,120,1993,34
제60회 여수거북선축제,전남,여수시,220000,800,1967,60
제24회 거문도백도은빛바다체험행사,전남,여수시,1900,50,2001,24
제17회 여수여자만갯벌노을체험행사,전남,여수시,6500,70,2009,17
"2026 여수 섬 음식 축제
(여수섬슐랭페스타 명칭 변경)",전남,여수시,13200,300,2025,
2026 여수동동북축제,전남,여수시,95000,350,2018,
제31회 여수향일암일출제,전남,여수시,20000,66,1996,31
2027년 새해 분산일출(일몰)제,전남,여수시,17650,68,,
2026 청년거리문화한마당,전남,여수시,1400,30,2018,
제12회 영광찰보리축제,전남,영광군,15000,85,2011,12
2026 영광법성포단오제,전남,영광군,115836,584,1600,
제26회 영광불갑산상사화축제,전남,영광군,386406,654,2001,26
2026 영암왕인문화축제,전남,영암군,163706,1760,1997,
월출산 국화축제,전남,영암군,83516,,2009,
마한문화축제,전남,영암군,2000,150,2015,
영암무화과축제,전남,영암군,,,1997,
2026 청산도 슬로걷기축제,전남,완도군,52047,380,2009,
2026 청정완도 가을 섬 여행,전남,완도군,18581,500,2015,
제25회 장성 황룡깅 길동무 꽃길 축제,전남,장성군,73000,400,1999,25
2026 장성 황룡강 가을꽃 축제,전남,장성군,400000,800,2015,
제19회 정남진 장흥 물축제,전남,장흥군,493165,2600,2008,19
2026년 장흥회령포이순신축제,전남,장흥군,5000,250,2017,
제23회 정남진 장흥 키조개축제,전남,장흥군,6400,72,2004,23
제15회 장평 명품호도축제,전남,장흥군,850,92,2011,15
제46회 진도신비의바닷길축제,전남,진도군,79400,910,1978,46
2026보배섬유채꽃축제,전남,진도군,2705,88,2024,
제10회 진도꽃게축제,전남,진도군,32412,250,2010,10
2026대한민국진도개페스티벌,전남,진도군,13000,200,2012,
2026 진도 꽃양귀비(금영화)축제,전남,진도군,3000,20,2025,
2026 진도운림수국축제,전남,진도군,7000,57,2025,
2026 진도 꽃무릇축제,전남,진도군,4000,15,2025,
2026 진도국제무형문화축전,전남,진도군,19730,120,2012,
2026 보배섬 국화축제,전남,진도군,120100,1200,2024,
제28회 함평나비대축제,전남,함평군,224098,1505,1999,28
2026 함평 물놀이 페스타,전남,함평군,22936,300,2025,
제27회 함평모악산 꽃무릇축제,전남,함평군,23087,300,2000,27
2026 대한민국 국향대전,전남,함평군,177000,1158,2004,
2026 함평 겨울빛축제,전남,함평군,150000,500,2024,
달마고도 힐링축제,전남,해남군,7000,80,2018,
흑석산 소풍힐링축제,전남,해남군,1000,20,2021,
두륜산 왕벚꽃나무 막걸리축제,전남,해남군,1000,10,2025,
해남 공룡대축제,전남,해남군,135000,600,2023,
옥천 무궁화축제,전남,해남군,500,15,2018,
명량대첩축제,전남,해남군,150000,700,2008,
해남 캠핑관광박람회,전남,해남군,35000,450,2022,
해남 미남축제,전남,해남군,243000,860,2019,
땅끝해남 해넘이해맞이 축제,전남,해남군,20000,130,1995,
2026 화순 봄꽃 축제,전남,화순군,306000,900,2025,
2026 화순 고인돌 가을꽃 축제,전남,화순군,710000,1490,2023,
제18회 화학산 철쭉제,전남,화순군,800,25,2008,18
제29회 백아산 철쭉제,전남,화순군,1000,25,1999,29
제27회 화순운주문화축제,전남,화순군,5000,70,1996,27
제39회 화순적벽문화축제,전남,화순군,5000,50,1975,39
2026 남산공원 로컬힙 프로젝트,전남,화순군,10000,70,2025,
제1회 동복 숲정이 봄꽃 축제,전남,화순군,,18,2026,1
2026 미리미리 크리스마스,전남,화순군,31000,200,2024,
포항캠핑페스타,경북,포항시,15000,180,2022,
포항철길숲야행축제,경북,포항시,80000,246,2022,
포항 SUMMER 워터퐝 페스티벌,경북,포항시,20000,209,2025,
송도비치 레트로 페스티벌,경북,포항시,20000,200,2023,
포항국제불빛축제,경북,포항시,,1895,2004,
포항 낙화의 밤,경북,포항시,,200,2026,
포항해병대문화축제,경북,포항시,60000,500,2017,
호미곶한민족해맞이축전,경북,포항시,50000,365,1999,
2026 포항 수제맥주페스티벌,경북,포항시,9000,180,2024,
2026년 영일만친구 야시장,경북,포항시,8000,60,2019,
호미반도 유채꽃 개장식,경북,포항시,100000,30,2019,
맛으로 보는 경관 푸드 페스티벌,경북,포항시,2000,30,2025,
포은문화축제,경북,포항시,9000,40,2011,
부조장터 문화축제,경북,포항시,9000,80,2008,
연오랑세오녀 축제,경북,포항시,800,23,2010,
포항칠포재즈페스티벌,경북,포항시,6000,623,2007,
2026 포항 벤토나이트 축제,경북,포항시,900,140,2018,
포항 구룡포 대게 축제,경북,포항시,,66,2019,
포항 호미곶 돌문어 축제,경북,포항시,1000,5,2012,
포항 영일만 검은돌장어 축제,경북,포항시,1000,20,2014,
포항 구룡포 과메기 축제,경북,포항시,2000,32,1998,
2026 포항독서대전,경북,포항시,10000,104,2025,
제14회 포항맛앤락페스티벌,경북,포항시,1000,54,2013,14
호미반도 국수 맛 기행,경북,포항시,,400,2026,
치맥 페스티벌,경북,포항시,1000,76,2025,
2026 경주대릉원돌담길,경북,경주시,140000,290,2017,
윈터포차라이트,경북,경주시,16000,150,2024,
2026 김천김밥축제,경북,김천시,150000,677,2024,
2026 연화지 벚꽃 축제,경북,김천시,250000,170,2025,
2026 김천 전국 그래피티 페스타,경북,김천시,,200,2026,
제 15회 농촌체험페스티벌,경북,김천시,20000,80,2010,15
2026 김천포도축제,경북,김천시,80000,650,1998,
한여름밤의 김천 페스타,경북,김천시,,30,2026,
2026년 안동벚꽃축제,경북,안동시,200000,150,2008,
2026년 차전장군노국공주축제,경북,안동시,250000,1200,1968,
2026년 안동수(水)페스타,경북,안동시,186000,800,2024,
2026년 안동국제탈춤페스티벌,경북,안동시,1600000,2000,1997,
2026년 안동암산얼음축제,경북,안동시,297000,150,2009,
2026 안동국가유산 야행사업(월영야행),경북,안동시,280000,530,2017,
2026 하회선유줄불놀이,경북,안동시,30000,150,1997,
구미국제조각페스티벌,경북,구미시,,500,2026,
금오예술제,경북,구미시,8000,240,2014,
2026년 구미 일선정품 한마당 대잔치,경북,구미시,,80,2025,
2026 구미라면축제,경북,구미시,349705,850,2022,
2027 구미시 새희망 카운트다운,경북,구미시,15000,,2003,
2026 구미푸드&테크페스티벌,경북,구미시,204372,596,2022,
반려동물문화축제,경북,구미시,700,30,2018,
2026년 구미 달달한 낭만 야시장,경북,구미시,147530,280,2024,
고향시장행복어울림마당(새마을중앙시장),경북,구미시,1000,20,2025,
고향시장행복어울림마당(형곡중앙시장),경북,구미시,,20,2026,
고향시장행복어울림마당(선산봉황시장),경북,구미시,1000,20,2025,
고향시장행복어울림마당(인동시장),경북,구미시,1000,20,2025,
문화로 상권활성화 축제,경북,구미시,,80,2026,
영주 한국선비문화축제,경북,영주시,101276,900,2008,
영주 소백산철쭉제,경북,영주시,48061,290,1983,
영주 시원(ONE)페스타,경북,영주시,57553,600,2023,
영주 무섬외나무다리축제,경북,영주시,17834,280,2005,
경북영주 풍기인삼축제,경북,영주시,497419,1070,1998,
영주장날 농특산물대축제,경북,영주시,74068,600,2023,
제24회 영천한약축제,경북,영천시,50000,400,2003,24
2026년 영천별빛한우 구이축제,경북,영천시,40000,35,2020,
제14회 영천와인페스타,경북,영천시,30000,150,2013,14
제23회 영천보현산별빛축제,경북,영천시,32106,405,2002,23
제6회 중악 팔공산 은빛문화제,경북,영천시,4000,342,2021,6
제52회 영천문화예술제,경북,영천시,30000,260,1974,52
신성일기념관 영화제,경북,영천시,,200,2026,
2026 상주곶감축제,경북,상주시,111100,795,2006,
2026 벚꽃에 물든 상상주도 비박 페스티벌,경북,상주시,1000,107,2023,
2026 상주 슬로라이프 페스티벌,경북,상주시,11000,80,2023,
2026 낙동강 수상레저 페스타,경북,상주시,2500,150,2023,
2026 상주세계 모자페스티벌,경북,상주시,102943,1560,2023,
만화웹툰페스티벌(전국 중고등 웹툰왕전),경북,상주시,3000,60,2024,
제28회 문경찻사발축제,경북,문경시,240957,1500,1999,28
제22회 문경오미자축제,경북,문경시,67000,400,2005,22
제15회 문경약돌한우축제,경북,문경시,130000,450,2010,15
제21회 문경사과축제,경북,문경시,463000,670,2006,21
2026 문경 좀비워터나이트,경북,문경시,4500,90,2019,
제2회 점촌점빵길 빵 축제,경북,문경시,30000,290,2025,2
2026년 제48회 경산자인단오제,경북,경산시,50000,617,1970,48
2026년 제25회 경산갓바위소원성취축제,경북,경산시,10307,260,1998,25
제3회 경산반려문화축제,경북,경산시,6000,100,2023,3
제16회 경산대추축제,경북,경산시,35000,170,2012,16
제19회 산수유마을꽃맞이행사,경북,의성군,200000,250,2007,19
제4회 남대천벚꽃축제,경북,의성군,5000,150,2021,4
제9회 의성슈퍼푸드마늘축제,경북,의성군,53104,1000,2018,9
제20회 청송사과축제,경북,청송군,310317,955,2004,20
청송백자 축제,경북,청송군,,230,2023,
제3회 영양꽁꽁겨울축제,경북,영양군,30521,225,2024,3
제21회 영양 산나물축제,경북,영양군,35296,792,2005,21
제3회 선바위퐁당퐁당물놀이축제,경북,영양군,6400,150,2023,3
2026년 별빛반딧불이체험축제,경북,영양군,1500,60,2019,
제18회 영양고추 H.O.T Festival,경북,중구,150000,450,2007,18
제29회 영덕대게축제,경북,영덕군,100821,800,1998,29
제20회 영덕물가자미축제,경북,영덕군,13700,250,2007,20
영덕황금은어축제,경북,영덕군,15790,250,1999,
청도유천문화거리축제,경북,청도군,,5,2026,
청도반시축제,경북,청도군,350000,500,2007,
청도세계코미디아트페스티벌,경북,청도군,350000,648,2015,
고령 대가야축제,경북,고령군,,1340,2005,
2026 성주참외&생명문화축제,경북,성주군,247625,1145,2004,
2026 성주가야산 황금들녘 메뚜기 축제,경북,성주군,50000,130,2014,
제3회 칠곡 꿀맥 페스티벌,경북,칠곡군,20000,200,2024,3
왜관 홀리 페스티벌,경북,칠곡군,12000,200,2025,
2026 향사국악제 및 가야금 병창전국대회,경북,칠곡군,214,83,2014,
제4회 칠곡트랜스미디어 축제,경북,칠곡군,13000,175,2023,4
제13회 칠곡낙동강평화축제,경북,칠곡군,400000,1900,2013,13
제17회 낙동강지구 전투 전승행사,경북,칠곡군,400000,238,2009,17
205 칠곡 문화거리 페스타,경북,칠곡군,40000,175,2025,
2026 럭키칠곡 크리스마스 마켓,경북,칠곡군,13000,200,2025,
회룡포 봄꽃축제,경북,예천군,80000,50,2023,
예천치맥페스티벌,경북,예천군,,30,2026,
용궁순대축제,경북,예천군,15000,200,2012,
금당야행,경북,예천군,11765,60,2019,
삼강나루주막축제,경북,예천군,54678,210,2018,
활축제,경북,예천군,178287,600,2014,
농산물축제,경북,예천군,178287,300,1998,
어린이날 행사,경북,예천군,4961,50,2007,
여름방학 곤충페스티벌,경북,예천군,6393,150,2007,
제28회 봉화은어축제,경북,봉화군,225380,2115,1999,28
제30회 봉화송이축제,경북,봉화군,87121,699,1997,30
2026-2027 한겨울 분천산타마을,경북,봉화군,,400,2014,
2026 울진대게와 붉은대게축제,경북,울진군,60000,400,2000,
2026 죽변항 수산물축제,경북,울진군,60000,425,2019,
울릉 스노우 컬처 페스티벌,경북,울릉군,,250,2023,
제23회 울릉도오징어축제,경북,울릉군,13700,370,2001,23
문화다양성축제 MAMF(맘프) 2026,경남,창원시,310000,850,2005,
제8회 무점마을 코스모스축제,경남,창원시,30000,2100,2019,8
천주산진달래축제,경남,창원시,6000,32,2011,
2026 창원 k-pop 월드페스티벌,경남,창원시,8000,1300,2011,
제64회 진해군항제,경남,창원시,3251000,1565,1963,64
제26회 마산가고파국화축제,경남,창원시,765000,1050,2000,26
창동 라면축제,경남,창원시,35000,50,2025,
제25회 진주논개제,경남,진주시,122811,620,2002,25
2026 진주남강유등축제,경남,진주시,647530,4200,2002,
제75회 개천예술제,경남,진주시,647530,2211,1949,75
2026 코리아드라마페스티벌,경남,진주시,647530,890,2006,
2026 진주 M2 페스티벌,경남,진주시,9753,360,2019,
2026 통영어부장터축제,경남,통영시,320000,,2024,
제21회 봉숫골꽃나들이 축제,경남,통영시,25500,56,2003,21
제65회 통영한산대첩축제,경남,통영시,233297,1802,1962,65
제11회 사천비토섬별주부전축제,경남,사천시,2000,90,2014,11
제7회 선진리성 벚꽃축제,경남,사천시,7000,50,2017,7
제28회 와룡문화제,경남,사천시,230000,620,1995,28
2026 사천에어쇼,경남,사천시,411000,4500,2004,
제17회 사천시농업한마당축제,경남,사천시,95000,500,2007,17
제23회 사천시 삼천포항 자연산 전어축제,경남,사천시,90000,145,2002,23
제10회 김해꽃축제,경남,김해시,121090,510,1993,10
제42회 김해진영단감축제,경남,김해시,50000,230,1985,42
2026 가야문화축제,경남,김해시,226134,1100,1962,
2026 김해 국가유산 야행,경남,김해시,64000,450,2017,
제6회 율하벚꽃축제,경남,김해시,20000,30,2019,6
제2회 김해한우축제,경남,김해시,58000,600,2024,2
제1회 김해 한돈페스티벌,경남,김해시,,800,2026,1
제31회 김해분청도자기축제,경남,김해시,57833,300,1996,31
제3회 MY아리나드림페스티벌,경남,밀양시,20930,100,2024,3
제14회 밀양삼랑진 딸기시배지 축제,경남,밀양시,4000,20,2001,14
제68회 밀양아리랑대축제,경남,밀양시,416065,2590,1957,68
제26회 밀양공연예술축제,경남,밀양시,16000,800,2001,26
제2회 밀양 물축제,경남,밀양시,77633,290,2025,2
2026년 밀양 국가유산 야행,경남,밀양시,36426,5,2020,
제7회 외계인대축제,경남,밀양시,12165,180,2020,7
제2회 밀양 선샤인 농산물대전,경남,밀양시,62704,50,2025,2
제16회 밀양대추축제,경남,밀양시,3000,20,2008,16
제1회 밀양 매운맛 축제(가칭),경남,밀양시,,290,2026,1
제28회 밀양얼음골사과축제,경남,밀양시,15000,60,1999,28
남부면 수국축제,경남,거제시,31319,30,2018,
거제둔덕포도&한우축제,경남,거제시,25000,90,2011,
2026년 거제 맥주축제,경남,거제시,7500,6,2017,
2026년 거제여름해양축제,경남,거제시,25800,603,1994,
제19회 거제섬꽃축제,경남,거제시,236448,570,2006,19
거제옥포대첩 축제,경남,거제시,50119,700,1957,
거제맹종대나무축제,경남,거제시,3000,7,2012,
2026 원동매화축제,경남,양산시,33496,295,2007,
2026 물금벚꽃축제,경남,양산시,63796,299,2013,
2026 양산웅상회야제,경남,양산시,50495,550,2015,
통도사 미디어아트,경남,양산시,,1400,2026,
2026 양산삽량문화축제,경남,양산시,90317,1050,1986,
2026 양산에그야페스타,경남,양산시,47000,300,2025,
2026 양산국화축제,경남,양산시,276982,311,2005,
2026년 양산시 독서문화축제,경남,양산시,2200,60,2025,
2026 배내골 사과축제,경남,양산시,,11,2010,
제51회 의령 홍의장군축제,경남,의령군,181000,1025,1973,51
제23회 의령토요애수박축제,경남,의령군,10200,126,2000,23
제5회 의령 리치리치 페스티벌,경남,의령군,350000,1200,2022,5
2026년 의령 신반한지우륵문화축제,경남,의령군,4100,,2022,
2026 의령 기강 리치 꽃 축제,경남,의령군,201102,,2022,
함안곶감축제,경남,함안군,14800,60,2012,
대한민국 함안수박축제,경남,함안군,75000,798,1993,
칠서생태공원 청보리 작약축제,경남,함안군,135000,95,2023,
강주해바라기 축제,경남,함안군,71100,181,2013,
아라가야문화제,경남,함안군,43806,550,1988,
제21회 창녕낙동강유채축제,경남,창녕군,360000,660,2006,21
제31회 부곡온천축제,경남,창녕군,30000,200,1994,31
제65회 3.1민속문화제,경남,창녕군,28000,170,1961,65
제40회 비사벌문화제,경남,창녕군,25500,268,1987,40
고성가리비수산물축제,경남,고성군,60000,150,2017,
고성기월안뜰 경관농업 가을꽃 축제,경남,고성군,3000,10,2020,
소가야문화제,경남,고성군,2000,241,1959,
고성독수리생태축제,경남,고성군,2700,22,2020,
2026경남고성공룡세계엑스포,경남,고성군,200000,3200,2006,
당항포대첩축제,경남,고성군,3200,70,2002,
꽃 피는 남해,경남,남해군,8456,70,2023,
제8회 창선고사리축제,경남,남해군,10860,77,2015,8
제20회 보물섬 해산물 축제,경남,남해군,20000,120,2000,20
제21회 남해마늘한우 축제,경남,남해군,58424,782,2005,21
제14회 독일마을 맥주축제,경남,남해군,64087,720,2010,14
제28회 화개장터 벚꽃축제,경남,하동군,15670,30,1992,28
제29회 하동야생차문화축제,경남,하동군,35000,659,1996,29
"하동을 먹다, 하동별맛축제",경남,하동군,45000,280,2024,
제9회 하동섬진강문화재첩축제,경남,하동군,37158,476,2015,9
제11회 하동북천 꽃양귀비 축제,경남,하동군,57576,64,2015,11
"제19회 하동 북천 코스모스,메밀꽃 축제",경남,하동군,122062,219,2007,19
산청황매산철쭉제,경남,산청군,43554,232,1982,
ON산청 빛나는 여름밤 페스티벌,경남,산청군,,300,2023,
생초국제조각공원꽃잔디축제,경남,산청군,,60,2017,
산청한방약초축제,경남,산청군,,2040,2001,
지리산산청곶감축제,경남,산청군,17686,250,2008,
산청 농특산물 대제전,경남,산청군,43612,400,2024,
제7회 지리산 마천골흑돼지&산나물 축제,경남,함양군,8600,22,2019,7
제11회 지리산함양 백전오미자 축제,경남,함양군,1000,22,2016,11
제65회 천령문화제,경남,함양군,20000,500,1962,65
제23회 함양연암문화제,경남,함양군,2000,100,2004,23
제21회 함양산삼축제,경남,함양군,211978,1600,2004,21
제3회 서상면 남덕유산 대축제,경남,함양군,4000,30,2024,3
제7회 거창 아리미아 꽃 축제,경남,거창군,54980,62,2019,7
제36회 거창국제연극제,경남,거창군,22879,1600,1989,36
2026 거창한마당대축제,경남,거창군,54035,975,2015,
제6회 감악산 꽃별여행,경남,거창군,257424,398,2021,6
제42회 대야문화제,경남,합천군,,680,1982,42
2026 대장경기록문화축제,경남,합천군,8468,200,2011,
고스트파크 축제,경남,합천군,20855,1000,2014,
제30회 황매산철쭉제,경남,합천군,154527,150,1997,30
제5회 황매산억새축제,경남,합천군,55506,150,2022,5
제4회 합천황토한우축제,경남,합천군,79000,500,2023,4
2026 제주들불축제,제주,제주시,44368,1358,1997,
제8회 애월읍 왕벚꽃축제,제주,제주시,20000,90,2016,8
2026년 제3회 제주마 입목 문화 축제,제주,제주시,40000,245,2024,3
제23회 방선문축제,제주,제주시,800,42,2004,23
제27회 제주과학축전,제주,제주시,43920,240,2000,27
2026 제주레저힐링축제,제주,제주시,36900,367,2022,
제21회 제주이호테우축제,제주,제주시,5923,30,2004,21
2026년 천연염색 홍보행사,제주,제주시,1830,80,2012,
제11회 월대천축제,제주,제주시,2000,40,2013,11
2026 제주수학축전,제주,서귀포시,,179,2000,
제19회 제주해녀축제,제주,제주시,34000,210,2007,19
2026년 애월읍 농수축박람회,제주,제주시,1700,100,2018,
제11회 고마로마문화축제,제주,제주시,6000,130,2014,11
제26회 최남단 방어 축제,제주,서귀포시,100000,328,2001,26
제7회 서귀포 은갈치 축제,제주,서귀포시,40000,48,2018,7
제18회 추자도 참굴비 대축제,제주,제주시,8000,150,2008,18
제9회 제주광어 대축제,제주,제주시,20000,100,2016,9
네 번째 서홍동 웃물교 벚꽃구경,제주,서귀포시,4000,50,2023,
제18회 솜반천 청소년 문화축제,제주,서귀포시,800,28,2008,18
"제5회 화북, 포구문화제",제주,제주시,3000,100,2022,5
제17회 금능원담축제,제주,제주시,1800,86,2010,17
제5회 월정한모살축제,제주,제주시,2000,60,2020,5
제주 성읍마을 정의현감 행차재현 및 전통민요공연 축제,제주,서귀포시,,70,2016,
제17회 거문오름 트레킹,제주,제주시,4000,93,2008,17
2026 세계유산축전,제주,제주시,40569,1900,2020,
제32회 제주 성읍마을 전통민속 재현축제,제주,서귀포시,,70,1993,32
제16회 혼인지 축제,제주,서귀포시,,110,2009,16
제주 무형유산 대전,제주,제주시,2946,182,2022,
제34회 성산일출축제,제주,서귀포시,20000,254,1994,34
2026 제21회 중문칠선녀축제,제주,서귀포시,3000,6,1995,21
제21회 제주마축제,제주,제주시,17124,18,2003,21
2026년 제주 도새기 축제,제주,제주시,27350,260,2003,
제1회 송산동 부시리 축제,제주,서귀포시,,5,2026,1
제22회 보목자리돔 축제,제주,서귀포시,15000,5,2000,22
제2회 도두 썸머리 워터 페스티벌,제주,제주시,2000,20,2025,2
제43회 서귀포유채꽃축제,제주,서귀포시,20865,250,1983,43
제32회 서귀포칠십리축제,제주,서귀포시,72000,558,1995,32
제19회 전농로 왕벚꽃 축제,제주,제주시,255700,100,1991,19
제24회 예래생태체험축제,제주,서귀포시,3000,86,2000,24
제3회 예래사자마을 봄꽃나들이 행사,제주,서귀포시,3000,45,2024,3
제15회 우도 소라축제,제주,제주시,18000,110,2009,15
제30회 한라산 청정 고사리축제,제주,서귀포시,29000,120,1995,30
2026 봉개오름축제,제주,제주시,,48,2016,
제22회 쇠소깍 축제,제주,서귀포시,6000,93,2003,22
성산엔 벚꽃길따라 행복한 동행,제주,서귀포시,3000,34,2024,
수국과 공연이 꽃피는 혼인지,제주,서귀포시,500,2,2022,
성산 조개바당축제,제주,서귀포시,10000,90,2022,
와흘메밀문화제(봄),제주,제주시,5,,2021,
와흘메밀문화제(가을),제주,제주시,5,,2021,
"벚꽃오름, 봄소풍(골체오름 벚꽃축제)",제주,제주시,3000,48,2025,
제16회 산지천축제,제주,제주시,,100,2008,16
병오년 탐라국 입춘굿,제주,제주시,10000,212,1994,
제주국제관악제,제주,제주시,28188,1734,1995,
탐라문화제,제주,제주시,75101,1440,1962,
2026 영천동해바라기 축제,제주,서귀포시,8000,5,2023,
